source,subreddit_or_ticker,post_id,created_utc,created_datetime,title,text,score_or_likes,num_comments,url,permalink,combined_text,clean_text,lda_text,token_count,emotion_admiration,emotion_amusement,emotion_anger,emotion_annoyance,emotion_approval,emotion_caring,emotion_confusion,emotion_curiosity,emotion_desire,emotion_disappointment,emotion_disapproval,emotion_disgust,emotion_embarrassment,emotion_excitement,emotion_fear,emotion_gratitude,emotion_grief,emotion_joy,emotion_love,emotion_nervousness,emotion_neutral,emotion_optimism,emotion_pride,emotion_realization,emotion_relief,emotion_remorse,emotion_sadness,emotion_surprise
reddit,stocks,1top6jw,1779841003.0,2026-05-27T00:16:43+00:00,SpaceX-Tesla merger chatter reignites as Musk pushes rocket company towards Nasdaq,"As Elon Musk prepares to lead a second trillion-dollar company into the public market, a move that will likely put him in charge of two of the 10 most valuable U.S. enterprises, chatter is building that Musk’s ultimate goal is to combine the entities into one. 

SpaceX is expected to start trading on the Nasdaq in just over two weeks after obtaining a private market valuation of $1.25 trillion earlier this year, when it merged with xAI, Musk’s artificial intelligence company. Tesla’s market cap currently sits at around $1.6 trillion. 

The two companies already have a laundry list of shared resources, and Musk has discussed with colleagues the possibility of folding the companies together, according to people familiar with the talks who asked not to be named due to the sensitivity of the topic.

Tesla and SpaceX have spent years pooling resources and even sharing personnel. 

Musk sits on both boards, as does venture capitalist Ira Ehrenpreis, founder of DBL Partners. Musk’s brother Kimbal is currently on Tesla’s board and used to be a SpaceX director. SpaceX board members Antonio Gracias and Steve Jurvetson previously served on Tesla’s board. And Charles Kuehmann is vice president of materials engineering for Tesla and SpaceX, joining from Apple

 a decade ago, and is known for playing a key role in troubleshooting key design issues.  
In January, Tesla revealed it had invested $2 billion in xAI. Those shares became holdings in SpaceX following that company’s merger with xAI the following month.

Source: https://www.cnbc.com/2026/05/26/spacex-tesla-merger-chatter-reignites-as-musk-rocket-company-nears-ipo.html",75,26,https://www.reddit.com/r/stocks/comments/1top6jw/spacextesla_merger_chatter_reignites_as_musk/,https://www.reddit.com/r/stocks/comments/1top6jw/spacextesla_merger_chatter_reignites_as_musk/,"SpaceX-Tesla merger chatter reignites as Musk pushes rocket company towards Nasdaq As Elon Musk prepares to lead a second trillion-dollar company into the public market, a move that will likely put him in charge of two of the 10 most valuable U.S. enterprises, chatter is building that Musk’s ultimate goal is to combine the entities into one. 

SpaceX is expected to start trading on the Nasdaq in just over two weeks after obtaining a private market valuation of $1.25 trillion earlier this year, when it merged with xAI, Musk’s artificial intelligence company. Tesla’s market cap currently sits at around $1.6 trillion. 

The two companies already have a laundry list of shared resources, and Musk has discussed with colleagues the possibility of folding the companies together, according to people familiar with the talks who asked not to be named due to the sensitivity of the topic.

Tesla and SpaceX have spent years pooling resources and even sharing personnel. 

Musk sits on both boards, as does venture capitalist Ira Ehrenpreis, founder of DBL Partners. Musk’s brother Kimbal is currently on Tesla’s board and used to be a SpaceX director. SpaceX board members Antonio Gracias and Steve Jurvetson previously served on Tesla’s board. And Charles Kuehmann is vice president of materials engineering for Tesla and SpaceX, joining from Apple

 a decade ago, and is known for playing a key role in troubleshooting key design issues.  
In January, Tesla revealed it had invested $2 billion in xAI. Those shares became holdings in SpaceX following that company’s merger with xAI the following month.

Source: https://www.cnbc.com/2026/05/26/spacex-tesla-merger-chatter-reignites-as-musk-rocket-company-nears-ipo.html","SpaceX-Tesla merger chatter reignites as Musk pushes rocket company towards Nasdaq As Elon Musk prepares to lead a second trillion-dollar company into the public market, a move that will likely put him in charge of two of the 10 most valuable U.S. enterprises, chatter is building that Musk s ultimate goal is to combine the entities into one. SpaceX is expected to start trading on the Nasdaq in just over two weeks after obtaining a private market valuation of 1.25 trillion earlier this year, when it merged with xAI, Musk s artificial intelligence company. Tesla s market cap currently sits at around 1.6 trillion. The two companies already have a laundry list of shared resources, and Musk has discussed with colleagues the possibility of folding the companies together, according to people familiar with the talks who asked not to be named due to the sensitivity of the topic. Tesla and SpaceX have spent years pooling resources and even sharing personnel. Musk sits on both boards, as does venture capitalist Ira Ehrenpreis, founder of DBL Partners. Musk s brother Kimbal is currently on Tesla s board and used to be a SpaceX director. SpaceX board members Antonio Gracias and Steve Jurvetson previously served on Tesla s board. And Charles Kuehmann is vice president of materials engineering for Tesla and SpaceX, joining from Apple a decade ago, and is known for playing a key role in troubleshooting key design issues. In January, Tesla revealed it had invested 2 billion in xAI. Those shares became holdings in SpaceX following that company s merger with xAI the following month. Source",spacex tesla merger chatter reignites musk pushes rocket company towards nasdaq elon musk prepares lead second trillion dollar company public market move likely put him charge two most valuable enterprises chatter building musk ultimate goal combine entities one spacex expected start trading nasdaq two weeks obtaining private market valuation trillion earlier year merged xai musk artificial intelligence company tesla market cap currently sits around trillion two companies already laundry list shared resources musk discussed colleagues possibility folding companies together according people familiar talks asked named due sensitivity topic tesla spacex spent years pooling resources even sharing personnel musk sits both boards venture capitalist ira ehrenpreis founder dbl partners musk brother kimbal currently tesla board used spacex director spacex board members antonio gracias steve jurvetson previously served tesla board charles kuehmann vice president materials engineering tesla spacex joining apple decade ago known playing key role troubleshooting key design issues january tesla revealed had invested billion xai those shares became holdings spacex following company merger xai following month source,167,0.00037948709693625613,0.00011168887387683063,5.661328877599183e-05,0.000540882663677212,0.013803126937947418,0.000145636659115882,0.00032479895148609174,0.00017944373964287356,0.00040433807574680565,0.00037041632198839063,0.00039948259084762993,0.00010747541136323666,3.8250429583178655e-05,0.0002321269213901033,9.319522821514931e-05,7.185979061621605e-05,2.8998784583632908e-05,0.00015949790304148337,8.006718609291914e-05,5.479385700334021e-05,0.9771957673988599,0.0011331780948986776,4.725356299513138e-05,0.0036881110551196363,9.437632211480013e-05,2.9871092841689627e-05,0.00013914632742246356,9.011135356923641e-05
reddit,stocks,1tp6rzc,1779891117.0,2026-05-27T14:11:57+00:00,Contrarian allocation: highest-P/E US large caps as a basket,"Ok so I've been chewing on this for a few weeks and I can't find a good reason not to do it, which usually means I'm missing something obvious.

Idea: take the 20 US large caps with the highest trailing P/E. Equal weight, approx $500 each ($10k total). Automatically rebalance every quarter so names that mean-revert drop out and names that keep compounding stay.

The reasoning, such as it is:

\- A stock trades at a 400+ P/E because the market has decided it's worth pricing in years of future growth right now. Sometimes the market is wrong and it's a bubble. But sometimes it's not and sometimes it's the market spotting a compounder early and refusing to let it get cheap. I don't know which is which on any individual name. But across 20 of them, equal-weighted, I figure the winners drag the basket up more than the bubbles drag it down.

Also: every ""P/E factor"" study I can find tests low P/E vs high P/E and concludes value wins long-term which is fine. But none of them seem to test ""literally just the top 20 most expensive names, rebalanced"". The Russell 1000 Growth isn't this and NASDAQ isn't this. There's no ETF for it that I can find.

So either:

1. Someone has tested it and it's a known disaster, in which case please link me
2. It works fine but is too weird/embarrassing to package as a product
3. I'm misunderstanding why no one does this

Current list attached. Heavy on tech and semis (AMD, Palantir, Datadog, Microchip), Tesla obviously, a few REITs that surprised me, CoStar, Live Nation.

| Ticker | Name | Sector | P/E Ratio (TTM) |
| --- | --- | --- | --- |
| DDOG | Datadog Inc | Technology | 582.35 |
| CSGP | CoStar Group Inc | Real Estate | 530.86 |
| LYV | Live Nation Entertainment Inc | Communication Services | 462.55 |
| TSLA | Tesla Inc | Consumer Cyclical | 390.62 |
| CIEN | Ciena Corp | Technology | 372.60 |
| TWLO | Twilio Inc. | Communication Services | 278.07 |
| MCHP | Microchip Technology Inc | Technology | 262.58 |
| OMC | Omnicom Group Inc | Communication Services | 242.01 |
| GPC | Genuine Parts Co | Consumer Cyclical | 222.28 |
| DKNG | DraftKings Inc. | Consumer Cyclical | 197.82 |
| AMD | Advanced Micro Devices Inc | Technology | 164.07 |
| VTR | Ventas Inc | Real Estate | 161.58 |
| AXON | Axon Enterprise Inc. | Industrials | 149.73 |
| LITE | Lumentum Holdings Inc | Technology | 148.04 |
| PLTR | Palantir Technologies Inc. | Technology | 143.33 |
| IRM | Iron Mountain Incorporated | Real Estate | 139.97 |
| PANW | Palo Alto Networks Inc | Technology | 139.20 |
| FANG | Diamondback Energy Inc | Energy | 136.93 |
| COHR | Coherent Inc | Technology | 126.43 |
| NRG | NRG Energy Inc. | Utilities | 121.63 |

(i extracted this list using Obside, but I double checked with Yahoo Finance and all good)

What am I missing?",5,9,https://www.reddit.com/r/stocks/comments/1tp6rzc/contrarian_allocation_highestpe_us_large_caps_as/,https://www.reddit.com/r/stocks/comments/1tp6rzc/contrarian_allocation_highestpe_us_large_caps_as/,"Contrarian allocation: highest-P/E US large caps as a basket Ok so I've been chewing on this for a few weeks and I can't find a good reason not to do it, which usually means I'm missing something obvious.

Idea: take the 20 US large caps with the highest trailing P/E. Equal weight, approx $500 each ($10k total). Automatically rebalance every quarter so names that mean-revert drop out and names that keep compounding stay.

The reasoning, such as it is:

\- A stock trades at a 400+ P/E because the market has decided it's worth pricing in years of future growth right now. Sometimes the market is wrong and it's a bubble. But sometimes it's not and sometimes it's the market spotting a compounder early and refusing to let it get cheap. I don't know which is which on any individual name. But across 20 of them, equal-weighted, I figure the winners drag the basket up more than the bubbles drag it down.

Also: every ""P/E factor"" study I can find tests low P/E vs high P/E and concludes value wins long-term which is fine. But none of them seem to test ""literally just the top 20 most expensive names, rebalanced"". The Russell 1000 Growth isn't this and NASDAQ isn't this. There's no ETF for it that I can find.

So either:

1. Someone has tested it and it's a known disaster, in which case please link me
2. It works fine but is too weird/embarrassing to package as a product
3. I'm misunderstanding why no one does this

Current list attached. Heavy on tech and semis (AMD, Palantir, Datadog, Microchip), Tesla obviously, a few REITs that surprised me, CoStar, Live Nation.

| Ticker | Name | Sector | P/E Ratio (TTM) |
| --- | --- | --- | --- |
| DDOG | Datadog Inc | Technology | 582.35 |
| CSGP | CoStar Group Inc | Real Estate | 530.86 |
| LYV | Live Nation Entertainment Inc | Communication Services | 462.55 |
| TSLA | Tesla Inc | Consumer Cyclical | 390.62 |
| CIEN | Ciena Corp | Technology | 372.60 |
| TWLO | Twilio Inc. | Communication Services | 278.07 |
| MCHP | Microchip Technology Inc | Technology | 262.58 |
| OMC | Omnicom Group Inc | Communication Services | 242.01 |
| GPC | Genuine Parts Co | Consumer Cyclical | 222.28 |
| DKNG | DraftKings Inc. | Consumer Cyclical | 197.82 |
| AMD | Advanced Micro Devices Inc | Technology | 164.07 |
| VTR | Ventas Inc | Real Estate | 161.58 |
| AXON | Axon Enterprise Inc. | Industrials | 149.73 |
| LITE | Lumentum Holdings Inc | Technology | 148.04 |
| PLTR | Palantir Technologies Inc. | Technology | 143.33 |
| IRM | Iron Mountain Incorporated | Real Estate | 139.97 |
| PANW | Palo Alto Networks Inc | Technology | 139.20 |
| FANG | Diamondback Energy Inc | Energy | 136.93 |
| COHR | Coherent Inc | Technology | 126.43 |
| NRG | NRG Energy Inc. | Utilities | 121.63 |

(i extracted this list using Obside, but I double checked with Yahoo Finance and all good)

What am I missing?","Contrarian allocation highest-P E US large caps as a basket Ok so I've been chewing on this for a few weeks and I can't find a good reason not to do it, which usually means I'm missing something obvious. Idea take the 20 US large caps with the highest trailing P E. Equal weight, approx 500 each 10k total . Automatically rebalance every quarter so names that mean-revert drop out and names that keep compounding stay. The reasoning, such as it is - A stock trades at a 400 P E because the market has decided it's worth pricing in years of future growth right now. Sometimes the market is wrong and it's a bubble. But sometimes it's not and sometimes it's the market spotting a compounder early and refusing to let it get cheap. I don't know which is which on any individual name. But across 20 of them, equal-weighted, I figure the winners drag the basket up more than the bubbles drag it down. Also every P E factor study I can find tests low P E vs high P E and concludes value wins long-term which is fine. But none of them seem to test literally just the top 20 most expensive names, rebalanced . The Russell 1000 Growth isn't this and NASDAQ isn't this. There's no ETF for it that I can find. So either 1. Someone has tested it and it's a known disaster, in which case please link me 2. It works fine but is too weird embarrassing to package as a product 3. I'm misunderstanding why no one does this Current list attached. Heavy on tech and semis AMD, Palantir, Datadog, Microchip , Tesla obviously, a few REITs that surprised me, CoStar, Live Nation. Ticker Name Sector P E Ratio TTM --- --- --- --- DDOG Datadog Inc Technology 582.35 CSGP CoStar Group Inc Real Estate 530.86 LYV Live Nation Entertainment Inc Communication Services 462.55 TSLA Tesla Inc Consumer Cyclical 390.62 CIEN Ciena Corp Technology 372.60 TWLO Twilio Inc. Communication Services 278.07 MCHP Microchip Technology Inc Technology 262.58 OMC Omnicom Group Inc Communication Services 242.01 GPC Genuine Parts Co Consumer Cyclical 222.28 DKNG DraftKings Inc. Consumer Cyclical 197.82 AMD Advanced Micro Devices Inc Technology 164.07 VTR Ventas Inc Real Estate 161.58 AXON Axon Enterprise Inc. Industrials 149.73 LITE Lumentum Holdings Inc Technology 148.04 PLTR Palantir Technologies Inc. Technology 143.33 IRM Iron Mountain Incorporated Real Estate 139.97 PANW Palo Alto Networks Inc Technology 139.20 FANG Diamondback Energy Inc Energy 136.93 COHR Coherent Inc Technology 126.43 NRG NRG Energy Inc. Utilities 121.63 i extracted this list using Obside, but I double checked with Yahoo Finance and all good What am I missing?",contrarian allocation highest large caps basket chewing few weeks find good reason usually means missing something obvious idea take large caps highest trailing equal weight approx each total automatically rebalance every quarter names mean revert drop names keep compounding stay reasoning such stock trades because market decided worth pricing years future growth right sometimes market wrong bubble sometimes sometimes market spotting compounder early refusing let get cheap don know any individual name across equal weighted figure winners drag basket bubbles drag down every factor study find tests low high concludes value wins long term fine none seem test literally top most expensive names rebalanced russell growth isn nasdaq isn etf find either someone tested known disaster case please link works fine too weird embarrassing package product misunderstanding one current list attached heavy tech semis amd palantir datadog microchip tesla obviously few reits surprised costar live nation ticker name sector ratio ttm ddog datadog inc technology csgp costar group inc real estate lyv live nation entertainment inc communication services tsla tesla inc consumer cyclical cien ciena corp technology twlo twilio inc communication services mchp microchip technology inc technology omc omnicom group inc communication services gpc genuine parts consumer cyclical dkng draftkings inc consumer cyclical amd advanced micro devices inc technology vtr ventas inc real estate axon axon enterprise inc industrials lite lumentum holdings inc technology pltr palantir technologies inc technology irm iron mountain incorporated real estate panw palo alto networks inc technology fang diamondback energy inc energy cohr coherent inc technology nrg nrg energy inc utilities extracted list using obside double checked yahoo finance good missing,265,0.0013111483025345571,0.0006037578593541988,0.0010656495358823438,0.013367381306732594,0.006773877060230898,0.0002953917709425516,0.23443041599235262,0.06570389443615667,0.0005640177979497524,0.03987661391088017,0.025721682004470593,0.0016668112344681886,0.004801966579786192,0.002331376893641459,0.0012749799143928452,0.00032747097190257264,0.00043433386474914313,0.0006167523051512295,0.0010270289787080228,0.0010506012828206503,0.4486757867697145,0.00265311878206221,0.00013682050811606743,0.032932980333892053,0.0003841341710150508,0.0007639941022902423,0.0016372366316559515,0.10957083943977851
reddit,stocks,1tob8md,1779811139.0,2026-05-26T15:58:59+00:00,Reddit ETF progress from Jan 2021 to Jan 2026,"This [Reddit ETF post](https://www.reddit.com/r/stocks/comments/ku6skz/reddit_etf/) was made at the beginning of 2021, near the period of peak euphoria.  Anyone who was around at the time can testify that this really did represent consensus opinions in this sub at that time, which you can see in the comments of that post.  Note that the game store madness did not really begin until a couple weeks later, which is why it did not appear there.

I felt like it was going to play out poorly so I bookmarked it, and now have been doing yearly updates.  After all, for something like this, you really need to give it a multiple year timeline at least.

We have now passed year 5, which I think is a pretty good benchmark.  For years this did laughably bad, and I have sarcastically remarked about how the sharp, financial geniuses of the time performed against SPY and VTI.  Last year was a bit of a surprise though, and closed the gap quite a lot due almost entirely to NVDA and PLTR.  Let's see how 2025-now stacked up

*I used a $100,000 initial investment and just rounded all the prices to the dollar for visual simplicity (all entries use the real, full prices, I have just rounded them for this table).  I used the prices at close last Friday.  This also backtracks prices from stock splits.*

|**TICKER**|**Jan8, 2021**|May 22, 2026|**% change**|**Initial $**|**Final $**|
|:-|:-|:-|:-|:-|:-|
|TSLA|293|426|\+45%|5000|7,270|
|AMD|95|468|\+392%|5000|24,606|
|PLTR|25|137|\+448%|5000|27,376|
|ICLN|33|22|\-32%|5000|3,395|
|NIO|59|5|\-91%|5000|441|
|SQ|241|68|\-72%|5000|1,412|
|NET|79|216|\+174%|5000|13,682|
|DKNG|52|25|\-52%|5000|2,415|
|NVDA|13|215|\+1,521%|5000|81,073|
|AAPL|132|309|\+134%|5000|11,698|
|ENPH|207|64|\-69%|5000|1,547|
|PLUG|67|4|\-94%|5000|282|
|SE|210|87|\-58%|4000|1,662|
|BABA|263|130|\-51%|4000|1,977|
|CRSP|164|50|\-69%|4000|1,228|
|TSM|119|405|\+240%|4000|13,597|
|AMZN|159|266|\+67%|4000|6,694|
|DIS|179|103|\-42%|4000|2,302|
|ABNB|150|132|\-12%|4000|3,529|
|FSLY|88|16|\-81%|3000|556|
|CRM|222|180|\-19%|3000|2,433|
|ARKG|106|31|\-71%|2000|579|
|JMIA|37|7|\-81%|2000|377|
|JD|92|30|\-67%|2000|655|
|**TOTAL**|\-|\-|\+111%|**$100,000**|**$210,786**|

Two very strong years in a row for Reddit ETF, up 50% in the past 16 months since I last measured it.  Let's see how it stacks up against the market.

|**Portfolio**|**Initial**|**4/22**|**1/23**|**1/24**|1/25|5/26|**% change**|
|:-|:-|:-|:-|:-|:-|:-|:-|
|Reddit ETF|100,000|70,125|56,558|83,579|140,882|210,786|**+111%**|
|SPY|100,000|112,996|105,007|126,536|159,516|195,573|**+96%**|
|VTI|100,000|109,552|100,903|120,221|151,287|184,085|**+84%**|

Folks, I never thought I would see it.  Reddit consensus, at the period of peak euphoria, has now outperformed the market over a 5 year period.  At the behest of u/[gorays21](https://www.reddit.com/user/gorays21/).

I was pretty relentless making fun of this for several years, but my my how the turntables.  Come take a bow.

You do owe the portfolio manager a couple thousand bucks though.  Assuming you managed to hold onto this in its entirely through multiple years of large underperformance of course.",208,40,https://www.reddit.com/r/stocks/comments/1tob8md/reddit_etf_progress_from_jan_2021_to_jan_2026/,https://www.reddit.com/r/stocks/comments/1tob8md/reddit_etf_progress_from_jan_2021_to_jan_2026/,"Reddit ETF progress from Jan 2021 to Jan 2026 This [Reddit ETF post](https://www.reddit.com/r/stocks/comments/ku6skz/reddit_etf/) was made at the beginning of 2021, near the period of peak euphoria.  Anyone who was around at the time can testify that this really did represent consensus opinions in this sub at that time, which you can see in the comments of that post.  Note that the game store madness did not really begin until a couple weeks later, which is why it did not appear there.

I felt like it was going to play out poorly so I bookmarked it, and now have been doing yearly updates.  After all, for something like this, you really need to give it a multiple year timeline at least.

We have now passed year 5, which I think is a pretty good benchmark.  For years this did laughably bad, and I have sarcastically remarked about how the sharp, financial geniuses of the time performed against SPY and VTI.  Last year was a bit of a surprise though, and closed the gap quite a lot due almost entirely to NVDA and PLTR.  Let's see how 2025-now stacked up

*I used a $100,000 initial investment and just rounded all the prices to the dollar for visual simplicity (all entries use the real, full prices, I have just rounded them for this table).  I used the prices at close last Friday.  This also backtracks prices from stock splits.*

|**TICKER**|**Jan8, 2021**|May 22, 2026|**% change**|**Initial $**|**Final $**|
|:-|:-|:-|:-|:-|:-|
|TSLA|293|426|\+45%|5000|7,270|
|AMD|95|468|\+392%|5000|24,606|
|PLTR|25|137|\+448%|5000|27,376|
|ICLN|33|22|\-32%|5000|3,395|
|NIO|59|5|\-91%|5000|441|
|SQ|241|68|\-72%|5000|1,412|
|NET|79|216|\+174%|5000|13,682|
|DKNG|52|25|\-52%|5000|2,415|
|NVDA|13|215|\+1,521%|5000|81,073|
|AAPL|132|309|\+134%|5000|11,698|
|ENPH|207|64|\-69%|5000|1,547|
|PLUG|67|4|\-94%|5000|282|
|SE|210|87|\-58%|4000|1,662|
|BABA|263|130|\-51%|4000|1,977|
|CRSP|164|50|\-69%|4000|1,228|
|TSM|119|405|\+240%|4000|13,597|
|AMZN|159|266|\+67%|4000|6,694|
|DIS|179|103|\-42%|4000|2,302|
|ABNB|150|132|\-12%|4000|3,529|
|FSLY|88|16|\-81%|3000|556|
|CRM|222|180|\-19%|3000|2,433|
|ARKG|106|31|\-71%|2000|579|
|JMIA|37|7|\-81%|2000|377|
|JD|92|30|\-67%|2000|655|
|**TOTAL**|\-|\-|\+111%|**$100,000**|**$210,786**|

Two very strong years in a row for Reddit ETF, up 50% in the past 16 months since I last measured it.  Let's see how it stacks up against the market.

|**Portfolio**|**Initial**|**4/22**|**1/23**|**1/24**|1/25|5/26|**% change**|
|:-|:-|:-|:-|:-|:-|:-|:-|
|Reddit ETF|100,000|70,125|56,558|83,579|140,882|210,786|**+111%**|
|SPY|100,000|112,996|105,007|126,536|159,516|195,573|**+96%**|
|VTI|100,000|109,552|100,903|120,221|151,287|184,085|**+84%**|

Folks, I never thought I would see it.  Reddit consensus, at the period of peak euphoria, has now outperformed the market over a 5 year period.  At the behest of u/[gorays21](https://www.reddit.com/user/gorays21/).

I was pretty relentless making fun of this for several years, but my my how the turntables.  Come take a bow.

You do owe the portfolio manager a couple thousand bucks though.  Assuming you managed to hold onto this in its entirely through multiple years of large underperformance of course.","Reddit ETF progress from Jan 2021 to Jan 2026 This Reddit ETF post was made at the beginning of 2021, near the period of peak euphoria. Anyone who was around at the time can testify that this really did represent consensus opinions in this sub at that time, which you can see in the comments of that post. Note that the game store madness did not really begin until a couple weeks later, which is why it did not appear there. I felt like it was going to play out poorly so I bookmarked it, and now have been doing yearly updates. After all, for something like this, you really need to give it a multiple year timeline at least. We have now passed year 5, which I think is a pretty good benchmark. For years this did laughably bad, and I have sarcastically remarked about how the sharp, financial geniuses of the time performed against SPY and VTI. Last year was a bit of a surprise though, and closed the gap quite a lot due almost entirely to NVDA and PLTR. Let's see how 2025-now stacked up I used a 100,000 initial investment and just rounded all the prices to the dollar for visual simplicity all entries use the real, full prices, I have just rounded them for this table . I used the prices at close last Friday. This also backtracks prices from stock splits. TICKER Jan8, 2021 May 22, 2026 change Initial Final - - - - - - TSLA 293 426 45 5000 7,270 AMD 95 468 392 5000 24,606 PLTR 25 137 448 5000 27,376 ICLN 33 22 -32 5000 3,395 NIO 59 5 -91 5000 441 SQ 241 68 -72 5000 1,412 NET 79 216 174 5000 13,682 DKNG 52 25 -52 5000 2,415 NVDA 13 215 1,521 5000 81,073 AAPL 132 309 134 5000 11,698 ENPH 207 64 -69 5000 1,547 PLUG 67 4 -94 5000 282 SE 210 87 -58 4000 1,662 BABA 263 130 -51 4000 1,977 CRSP 164 50 -69 4000 1,228 TSM 119 405 240 4000 13,597 AMZN 159 266 67 4000 6,694 DIS 179 103 -42 4000 2,302 ABNB 150 132 -12 4000 3,529 FSLY 88 16 -81 3000 556 CRM 222 180 -19 3000 2,433 ARKG 106 31 -71 2000 579 JMIA 37 7 -81 2000 377 JD 92 30 -67 2000 655 TOTAL - - 111 100,000 210,786 Two very strong years in a row for Reddit ETF, up 50 in the past 16 months since I last measured it. Let's see how it stacks up against the market. Portfolio Initial 4 22 1 23 1 24 1 25 5 26 change - - - - - - - - Reddit ETF 100,000 70,125 56,558 83,579 140,882 210,786 111 SPY 100,000 112,996 105,007 126,536 159,516 195,573 96 VTI 100,000 109,552 100,903 120,221 151,287 184,085 84 Folks, I never thought I would see it. Reddit consensus, at the period of peak euphoria, has now outperformed the market over a 5 year period. At the behest of u gorays21 I was pretty relentless making fun of this for several years, but my my how the turntables. Come take a bow. You do owe the portfolio manager a couple thousand bucks though. Assuming you managed to hold onto this in its entirely through multiple years of large underperformance of course.",reddit etf progress jan jan reddit etf post made beginning near period peak euphoria anyone around time testify really did represent consensus opinions sub time see comments post note game store madness did really begin until couple weeks later did appear felt going play poorly bookmarked doing yearly updates something really need give multiple year timeline least passed year think pretty good benchmark years did laughably bad sarcastically remarked how sharp financial geniuses time performed against spy vti last year bit surprise though closed gap quite lot due almost entirely nvda pltr let see how stacked used initial investment rounded prices dollar visual simplicity entries use real full prices rounded table used prices close last friday backtracks prices stock splits ticker jan may change initial final tsla amd pltr icln nio net dkng nvda aapl enph plug baba crsp tsm amzn dis abnb fsly crm arkg jmia total two very strong years row reddit etf past months since last measured let see how stacks against market portfolio initial change reddit etf spy vti folks never thought see reddit consensus period peak euphoria outperformed market year period behest gorays pretty relentless making fun several years how turntables come take bow owe portfolio manager couple thousand bucks though assuming managed hold onto entirely through multiple years large underperformance course,217,0.01244097668014725,0.11588092404693413,0.0007514826007049227,0.021376231703550762,0.029001600672568878,0.0003035312437153818,0.0009075725261171006,0.0003968936673857931,0.0007001880525709375,0.04245999760276295,0.016901195321692174,0.002462029600912554,0.003728244875855165,0.0025289657381452335,0.000577969216010823,0.0004038384747866911,0.00042717596337769594,0.013156368784438238,0.0006405582637013644,0.0004700304027749827,0.6498228600364553,0.006500706342177055,0.001166056051188729,0.06501881126999526,0.0019666685038584597,0.00027439046402419494,0.0012537878203878635,0.008480985670987713
reddit,stocks,1tn8pcy,1779714529.0,2026-05-25T13:08:49+00:00,The S&amp;P 500 is trading at 31.8x earnings. What exactly is the bull case from here?,"Looked at some valuation data today and honestly it's making me think more than I expected.

trailing P/E is at 31.8x. Long-term average is \~17.6x. even the 10-year average is only \~23x. So we're not just ""a little elevated"" we're pretty stretched on a historical basis.

the bull case is baked into the forward P/E: analysts have it at 23.2x, which means they're pricing in roughly 27% earnings growth over the next 12 months. that's... a lot to deliver on. Especially with rates still sitting around 4-4.5% on the 10Y, which means the equity risk premium is basically paper thin right now. you're earning a 3.1% earnings yield on the S&amp;P and getting \~4.3% risk-free..... that math only works if growth actually comes through.

few things that stood out to me:

 **tech is at 46.5x trailing P/E** and makes up 33.9% of the index. that sector alone is doing a lot of heavy lifting on the overall number.  
 **Russell 2000 looks way more reasonable** at 17.9x trailing -actually below the long-term average.... small caps have been beaten up but the valuation gap vs large caps is pretty extreme right now.  
 **energy and financials** are the only large sectors that look anywhere close to fairly valued (23x and 18.5x respectively).  
 Individual names at the extreme end- TSLA at 394x trailing, ON Semi at 400x, PLTR at 217x. Those multiples imply very aggressive growth expectations compared to the broader market and highlight how much future success is already priced into certain parts of the index.

I'm not saying a crash is coming or anything like that - valuations are a terrible timing tool.... but it does feel like a lot of the optimism is already priced in and the margin for error looks fairly thin. if earnings growth comes in below expectations, today's multiples could start looking much harder to justify...

I've been digging through sector-level valuation data lately and the dispersion is much wider than I expected..... curious what everyone else is seeing.",906,558,https://www.reddit.com/r/stocks/comments/1tn8pcy/the_sp_500_is_trading_at_318x_earnings_what/,https://www.reddit.com/r/stocks/comments/1tn8pcy/the_sp_500_is_trading_at_318x_earnings_what/,"The S&amp;P 500 is trading at 31.8x earnings. What exactly is the bull case from here? Looked at some valuation data today and honestly it's making me think more than I expected.

trailing P/E is at 31.8x. Long-term average is \~17.6x. even the 10-year average is only \~23x. So we're not just ""a little elevated"" we're pretty stretched on a historical basis.

the bull case is baked into the forward P/E: analysts have it at 23.2x, which means they're pricing in roughly 27% earnings growth over the next 12 months. that's... a lot to deliver on. Especially with rates still sitting around 4-4.5% on the 10Y, which means the equity risk premium is basically paper thin right now. you're earning a 3.1% earnings yield on the S&amp;P and getting \~4.3% risk-free..... that math only works if growth actually comes through.

few things that stood out to me:

 **tech is at 46.5x trailing P/E** and makes up 33.9% of the index. that sector alone is doing a lot of heavy lifting on the overall number.  
 **Russell 2000 looks way more reasonable** at 17.9x trailing -actually below the long-term average.... small caps have been beaten up but the valuation gap vs large caps is pretty extreme right now.  
 **energy and financials** are the only large sectors that look anywhere close to fairly valued (23x and 18.5x respectively).  
 Individual names at the extreme end- TSLA at 394x trailing, ON Semi at 400x, PLTR at 217x. Those multiples imply very aggressive growth expectations compared to the broader market and highlight how much future success is already priced into certain parts of the index.

I'm not saying a crash is coming or anything like that - valuations are a terrible timing tool.... but it does feel like a lot of the optimism is already priced in and the margin for error looks fairly thin. if earnings growth comes in below expectations, today's multiples could start looking much harder to justify...

I've been digging through sector-level valuation data lately and the dispersion is much wider than I expected..... curious what everyone else is seeing.","The S amp P 500 is trading at 31.8x earnings. What exactly is the bull case from here? Looked at some valuation data today and honestly it's making me think more than I expected. trailing P E is at 31.8x. Long-term average is 17.6x. even the 10-year average is only 23x. So we're not just a little elevated we're pretty stretched on a historical basis. the bull case is baked into the forward P E analysts have it at 23.2x, which means they're pricing in roughly 27 earnings growth over the next 12 months. that's... a lot to deliver on. Especially with rates still sitting around 4-4.5 on the 10Y, which means the equity risk premium is basically paper thin right now. you're earning a 3.1 earnings yield on the S amp P and getting 4.3 risk-free..... that math only works if growth actually comes through. few things that stood out to me tech is at 46.5x trailing P E and makes up 33.9 of the index. that sector alone is doing a lot of heavy lifting on the overall number. Russell 2000 looks way more reasonable at 17.9x trailing -actually below the long-term average.... small caps have been beaten up but the valuation gap vs large caps is pretty extreme right now. energy and financials are the only large sectors that look anywhere close to fairly valued 23x and 18.5x respectively . Individual names at the extreme end- TSLA at 394x trailing, ON Semi at 400x, PLTR at 217x. Those multiples imply very aggressive growth expectations compared to the broader market and highlight how much future success is already priced into certain parts of the index. I'm not saying a crash is coming or anything like that - valuations are a terrible timing tool.... but it does feel like a lot of the optimism is already priced in and the margin for error looks fairly thin. if earnings growth comes in below expectations, today's multiples could start looking much harder to justify... I've been digging through sector-level valuation data lately and the dispersion is much wider than I expected..... curious what everyone else is seeing.",amp trading earnings exactly bull case here looked some valuation data today honestly making think expected trailing long term average even year average only little elevated pretty stretched historical basis bull case baked forward analysts means pricing roughly earnings growth next months lot deliver especially rates still sitting around means equity risk premium basically paper thin right earning earnings yield amp getting risk free math only works growth actually comes through few things stood tech trailing makes index sector alone doing lot heavy lifting overall number russell looks way reasonable trailing actually below long term average small caps beaten valuation gap large caps pretty extreme right energy financials only large sectors look anywhere close fairly valued respectively individual names extreme end tsla trailing semi pltr those multiples imply very aggressive growth expectations compared broader market highlight how much future success already priced certain parts index saying crash coming anything valuations terrible timing tool feel lot optimism already priced margin error looks fairly thin earnings growth comes below expectations today multiples could start looking much harder justify digging through sector level valuation data lately dispersion much wider expected curious everyone else seeing,191,0.0009369439078302543,0.00021548398549877274,0.00032874627498633013,0.004266448253507653,0.008999540686832567,0.0011846882510773123,0.014463586843940864,0.18751984061121998,0.0011430740873716414,0.0071416523504617534,0.00796799676525653,0.00040055674017507877,0.0003113087816797291,0.0007411449385797534,0.0005843228329165419,0.00010906727306435698,0.00012099736111217485,0.00024342468640032772,0.00024236924081257256,0.0005148299513748314,0.7423770013699303,0.0033530632320144015,0.00010041032619758214,0.013363247201250166,0.00021616539873020905,0.0001986718809605114,0.0008559550562174405,0.00209938188198419
reddit,stocks,1to7vo6,1779804062.0,2026-05-26T14:01:02+00:00,Joby vs Archer is it the new BYD vs Tesla?,"And if so does that mean I invest in Archer?

I held Archer during the hype run from $7 to $11 and I was looking at getting back in as it seems like the hype phase has died off but the commercialisation build up hasn’t really started yet so it’s at a bit of a low.

But then I started looking further into their timelines and their competitors and while EHang seem to be in another league I feel like the main focus is on Joby vs Archer and it seems like Archer has all the hype, the big connections with AI players and tech investors while Joby has the more traditional partnerships and steady measurable progress.

So how do you see it? Will Joby actually win in the end but Archer will have the better ride for investors in the meantime or is Archer primed to bounce on launch and then give up everything to Joby/eHang or are Archer the real deal? ",3,12,https://www.reddit.com/r/stocks/comments/1to7vo6/joby_vs_archer_is_it_the_new_byd_vs_tesla/,https://www.reddit.com/r/stocks/comments/1to7vo6/joby_vs_archer_is_it_the_new_byd_vs_tesla/,"Joby vs Archer is it the new BYD vs Tesla? And if so does that mean I invest in Archer?

I held Archer during the hype run from $7 to $11 and I was looking at getting back in as it seems like the hype phase has died off but the commercialisation build up hasn’t really started yet so it’s at a bit of a low.

But then I started looking further into their timelines and their competitors and while EHang seem to be in another league I feel like the main focus is on Joby vs Archer and it seems like Archer has all the hype, the big connections with AI players and tech investors while Joby has the more traditional partnerships and steady measurable progress.

So how do you see it? Will Joby actually win in the end but Archer will have the better ride for investors in the meantime or is Archer primed to bounce on launch and then give up everything to Joby/eHang or are Archer the real deal?","Joby vs Archer is it the new BYD vs Tesla? And if so does that mean I invest in Archer? I held Archer during the hype run from 7 to 11 and I was looking at getting back in as it seems like the hype phase has died off but the commercialisation build up hasn t really started yet so it s at a bit of a low. But then I started looking further into their timelines and their competitors and while EHang seem to be in another league I feel like the main focus is on Joby vs Archer and it seems like Archer has all the hype, the big connections with AI players and tech investors while Joby has the more traditional partnerships and steady measurable progress. So how do you see it? Will Joby actually win in the end but Archer will have the better ride for investors in the meantime or is Archer primed to bounce on launch and then give up everything to Joby eHang or are Archer the real deal?",joby archer new byd tesla mean invest archer held archer during hype run looking getting back seems hype phase died off commercialisation build hasn really started yet bit low started looking further timelines competitors while ehang seem another league feel main focus joby archer seems archer hype big connections players tech investors while joby traditional partnerships steady measurable progress how see joby actually win end archer better ride investors meantime archer primed bounce launch give everything joby ehang archer real deal,81,0.0013755456311628222,0.00033276507747359574,0.0006261364324018359,0.004633750766515732,0.00890336837619543,0.001697976840659976,0.33996984362602234,0.3609142303466797,0.0018809944158419967,0.017052868381142616,0.009027907624840736,0.0005462571862153709,0.0006226066616363823,0.0009449925855733454,0.0012249316787347198,0.00019615612109191716,0.0003215003525838256,0.0004729486536234617,0.001117051811888814,0.001149748801253736,0.22555793821811676,0.0076115974225103855,6.0754748119506985e-05,0.007010286673903465,0.0002124932943843305,0.0008832145831547678,0.003307643812149763,0.002344468841329217
